<Template>
  <WidgetGroup>
    <Layout>horizontal</Layout>
    <SizePolicy>me,min</SizePolicy>
    <Children>

      <WidgetGroup>
        <ObjectName>DeckRow_2_3_ArtistTitleTime</ObjectName>
        <Layout>vertical</Layout>
        <SizePolicy>i,min</SizePolicy>
        <Children>

          <WidgetGroup>
            <ObjectName>TitleRow</ObjectName>
            <Layout>horizontal</Layout>
            <SizePolicy>i,me</SizePolicy>
            <Children>
              <WidgetGroup>
                <Layout>horizontal</Layout>
                <SizePolicy>i,me</SizePolicy>
                <Children>
                  <TrackProperty>
                    <ObjectName>TitleText</ObjectName>
                    <Size>0me,22f</Size>
                    <TooltipId>track_title</TooltipId>
                    <Property>title</Property>
                    <Alignment>Left</Alignment>
                    <Elide>right</Elide>
                    <Channel><Variable name="ChanNum"/></Channel>
                    <Connection>
                      <ConfigKey><Variable name="Group"/>,track_loaded</ConfigKey>
                      <BindProperty>highlight</BindProperty>
                    </Connection>
                  </TrackProperty>
                </Children>
              </WidgetGroup>

              <WidgetGroup>
                <ObjectName>AlignRight</ObjectName>
                <Layout>horizontal</Layout>
                <SizePolicy>p,min</SizePolicy>
                <MinimumSize>80,</MinimumSize>
                <Children>
                  <NumberPos>
                    <ObjectName>PlayPositionText</ObjectName>
                    <TooltipId>track_time</TooltipId>
                    <Size>0min,22f</Size>
                    <Alignment>right</Alignment>
                    <Channel><Variable name="ChanNum"/></Channel>
                    <Connection>
                      <ConfigKey><Variable name="Group"/>,playposition</ConfigKey>
                    </Connection>
                  </NumberPos>
                </Children>
                <Connection>
                  <ConfigKey><Variable name="Group"/>,track_loaded</ConfigKey>
                  <BindProperty>visible</BindProperty>
                </Connection>
              </WidgetGroup>

            </Children>
          </WidgetGroup><!-- TitleRow -->

          <WidgetGroup>
            <ObjectName>TrackColorFullCompact</ObjectName>
            <Layout>horizontal</Layout>
            <Size>0me,2f</Size>
            <Children>
              <TrackWidgetGroup>
                <Size>0me,2f</Size>
                <Group><Variable name="Group"/></Group>
                <TrackColorAlpha>255</TrackColorAlpha>
              </TrackWidgetGroup>
            </Children>
          </WidgetGroup>

          <WidgetGroup>
            <ObjectName>ArtistRow</ObjectName>
            <Layout>horizontal</Layout>
            <SizePolicy>me,me</SizePolicy>
            <Children>
              <WidgetGroup>
                <Layout>horizontal</Layout>
                <SizePolicy>me,me</SizePolicy>
                <Children>
                  <TrackProperty>
                    <ObjectName>ArtistText</ObjectName>
                    <Size>0me,22f</Size>
                    <TooltipId>track_artist</TooltipId>
                    <Property>artist</Property>
                    <Elide>right</Elide>
                    <Channel><Variable name="ChanNum"/></Channel>
                    <Connection>
                      <ConfigKey><Variable name="Group"/>,track_loaded</ConfigKey>
                      <BindProperty>highlight</BindProperty>
                    </Connection>
                  </TrackProperty>
                </Children>
              </WidgetGroup>

              <WidgetGroup>
                <ObjectName>DurationGutter</ObjectName>
                <Layout>horizontal</Layout>
                <SizePolicy>max,min</SizePolicy>
                <Children>
                  <TrackProperty>
                    <ObjectName>DurationText</ObjectName>
                    <TooltipId>track_duration</TooltipId>
                    <Size>0min,22f</Size>
                    <Property>durationFormatted</Property>
                    <Channel>
                      <Variable name="ChanNum"/>
                    </Channel>
                  </TrackProperty>
                </Children>
              </WidgetGroup>

            </Children>
          </WidgetGroup><!-- ArtistRow -->
        </Children>
        <Connection>
          <ConfigKey persist="true">[Skin],show_rate_controls_compact</ConfigKey>
          <BindProperty>highlight</BindProperty>
        </Connection>
      </WidgetGroup><!-- DeckRow_2_3_ArtistTitleTime -->

    </Children>
  </WidgetGroup>
</Template>
