<Template>
  <SetVariable name="BtnType"><Variable name="SubRegion_BtnType"/></SetVariable>
  <SetVariable name="Group">[Master]</SetVariable>
  <SetVariable name="KnobBg">master</SetVariable>
  <SetVariable name="KnobIndicator">master</SetVariable>
  <SetVariable name="ArcRadius"><Variable name="ArcRadiusCompact"/></SetVariable>
  <SetVariable name="ArcThickness"><Variable name="ArcThicknessBig"/></SetVariable>

  <WidgetGroup>
    <SizePolicy>max,min</SizePolicy>
    <Layout>vertical</Layout>
    <Children>

      <WidgetGroup>
        <ObjectName>MasterMixerSeparator</ObjectName>
        <Layout>horizontal</Layout>
        <Children/>
      </WidgetGroup>

      <WidgetGroup>
        <ObjectName>MixerMasterHeadphone</ObjectName>
        <SizePolicy>min,min</SizePolicy>
        <Layout>horizontal</Layout>
        <Children>

          
          
          <!-- MasterControls -->
          

          
          <WidgetGroup>
            <ObjectName>MasterHeadphoneSeparator</ObjectName>
            <Layout>horizontal</Layout>
            <Children/>
          </WidgetGroup>

          <WidgetGroup>
            <ObjectName>HeadphoneControls</ObjectName>
            <SizePolicy>min,min</SizePolicy>
            <Layout>vertical</Layout>
            <Children>

              <WidgetGroup>
                <MinimumSize>0,0</MinimumSize>
                <MaximumSize>,20</MaximumSize>
                <SizePolicy>min,me</SizePolicy>
              </WidgetGroup>

              <!-- Headphone knobs -->
              
              <WidgetGroup>
                <Layout>horizontal</Layout>
                <SizePolicy>min,min</SizePolicy>
                <Children>


                  <!-- <WidgetGroup><Size>150,40</Size></WidgetGroup> -->

                  <WidgetGroup>
                    <Layout>horizontal</Layout>
                    <SizePolicy>me,min</SizePolicy>
                    <Children>

                      <Template src="skin:/controls/knob_with_label.xml">
                        <SetVariable name="TooltipId">headMix</SetVariable>
                        <SetVariable name="Size">35f,30f</SetVariable>
                        <SetVariable name="KnobColor">red</SetVariable>
                        <SetVariable name="ArcColor"><Variable name="ArcColorMstBal"/></SetVariable>
                        <SetVariable name="Control">headMix</SetVariable>
                        <SetVariable name="Label">Mix</SetVariable>
                      </Template>



                      <Template src="skin:/controls/knob_with_label.xml">
                        <SetVariable name="TooltipId">headphone_gain</SetVariable>
                        <SetVariable name="Size">35f,30f</SetVariable>
                        <SetVariable name="KnobColor">orange</SetVariable>
                        <SetVariable name="ArcColor"><Variable name="ArcColorGainLow"/></SetVariable>
                        <SetVariable name="ArcUnipolar">true</SetVariable>
                        <SetVariable name="Control">headGain</SetVariable>
                        <SetVariable name="Label">casque</SetVariable>
                      </Template>
                    </Children>
                  </WidgetGroup>


                  <!-- <WidgetGroup>
                    <Size>100,40</Size>
                  </WidgetGroup> -->

                </Children>
              </WidgetGroup>

              

              <!-- <WidgetGroup><Size>0min,0me</Size></WidgetGroup> -->

            </Children>

            <!-- HeadphoneControls -->
          </WidgetGroup>

        </Children>
      
        <!-- MixerMasterHeadphone -->
      </WidgetGroup>

    </Children>
    <!-- <Connection>
      <ConfigKey persist="true">[Skin],show_main_head_mixer</ConfigKey>
      <BindProperty>visible</BindProperty>
    </Connection> -->
  </WidgetGroup>
</Template>
