<!DOCTYPE template>
<Template>
  <SetVariable name="ChannelType">channel</SetVariable>
  <SetVariable name="VuSize">deck</SetVariable>
  <SetVariable name="VuColor">dark</SetVariable>

  <SingletonDefinition>
    <ObjectName>CrossfaderSingleton</ObjectName>
    <Children>
      <SliderComposed>
        <TooltipId>crossfader</TooltipId>
        <Size>115f,40f</Size>
        <Handle scalemode="STRETCH_ASPECT">skin:/<Variable name="SliderScheme"/>/sliders/knob_crossfader.svg</Handle>
        <Slider scalemode="STRETCH_ASPECT">skin:/<Variable name="SliderScheme"/>/sliders/slider_crossfader.svg</Slider>
        <Horizontal>true</Horizontal>
        <BarColor><Variable name="BarColorCrossfader"/></BarColor>
        <BarWidth><Variable name="BarWidth"/></BarWidth>
        <BarMargins><Variable name="BarMarginCrossfader"/></BarMargins>
        <BarMargins><Variable name="BarMarginVolume"/></BarMargins>
        <BarRoundCaps>true</BarRoundCaps>
        <BarAxisPos>19.0</BarAxisPos>
        <BarUnipolar>false</BarUnipolar>
        <Connection>
          <ConfigKey>[Master],crossfader</ConfigKey>
        </Connection>
      </SliderComposed>
    </Children>
  </SingletonDefinition>

  <SingletonDefinition>
    <ObjectName>VuMeterChannel1</ObjectName>
    <Children>
      <WidgetGroup>
        <Layout>horizontal</Layout>
        <Children>
          <Template src="skin:/mixer/vumeter_single.xml">
            <SetVariable name="Group">[Channel1]</SetVariable>
          </Template>
        </Children>
      </WidgetGroup>
    </Children>
  </SingletonDefinition>

  <SingletonDefinition>
    <ObjectName>VuMeterChannel2</ObjectName>
    <Children>
      <WidgetGroup>
        <Layout>horizontal</Layout>
        <Children>
          <Template src="skin:/mixer/vumeter_single.xml">
            <SetVariable name="Group">[Channel2]</SetVariable>
          </Template>
        </Children>
      </WidgetGroup>
    </Children>
  </SingletonDefinition>

  <SingletonDefinition>
    <ObjectName>VuMeterChannel3</ObjectName>
    <Children>
      <WidgetGroup>
        <Layout>horizontal</Layout>
        <Children>
          <Template src="skin:/mixer/vumeter_single.xml">
            <SetVariable name="Group">[Channel3]</SetVariable>
          </Template>
        </Children>
      </WidgetGroup>
    </Children>
  </SingletonDefinition>

  <SingletonDefinition>
    <ObjectName>VuMeterChannel4</ObjectName>
    <Children>
      <WidgetGroup>
        <Layout>horizontal</Layout>
        <Children>
          <Template src="skin:/mixer/vumeter_single.xml">
            <SetVariable name="Group">[Channel4]</SetVariable>
          </Template>
        </Children>
      </WidgetGroup>
    </Children>
  </SingletonDefinition>

  <SingletonDefinition>
    <ObjectName>VuMeterMaster_Dark</ObjectName>
    <Children>
      <WidgetGroup>
        <Layout>horizontal</Layout>
        <Children>
          <Template src="skin:/mixer/vumeter_master.xml">
            <SetVariable name="VuColor">dark</SetVariable>
          </Template>
        </Children>
      </WidgetGroup>
    </Children>
  </SingletonDefinition>

  <SingletonDefinition>
    <ObjectName>VuMeterMaster_Light</ObjectName>
    <Children>
      <WidgetGroup>
        <Layout>horizontal</Layout>
        <Children>
          <Template src="skin:/mixer/vumeter_master.xml">
            <SetVariable name="VuColor">light</SetVariable>
          </Template>
        </Children>
      </WidgetGroup>
    </Children>
  </SingletonDefinition>
</Template>
